{
	"himotokun":{
		"keyboard":{
			"speed":300,
		"length":76.175,
		"typo":0.02666666666666667
		},
		"scroll":{
			"speed":0.11128805620608899,
			"slice_span":376.4159999999999,
			"slice_time":299.7,
			"slice_count":10
		},
		"mouse":{
			"speed":2.67462358092908,
			"precision":1.2392727098890322,
			"span":761.2343432721561,
			"stroke_time":284.6136363636364,
			"press_length":73,
			"stroke_count":44
		}
	},
	"Kostya1":{
		"keyboard":{
			"speed":204,
			"length":128.32432432432432278801570646464824676513671875,
			"typo":0.08791208791208791895055441045769839547574520111083984375
		},
		"scroll":{
			"speed":0.04015842978410322228199902383494190871715545654296875,
			"slice_span":264.5565555555555192768224515020847320556640625,
			"slice_time":366.16666666666668561447295360267162322998046875,
			"slice_count":18
		},
		"mouse":{
			"speed":0.91316750606750185514925988172763027250766754150390625,
			"precision":1.4840395367614716004567299023619852960109710693359375,
			"span":748.5690630988345901641878299415111541748046875,
			"stroke_time":819.75,
			"press_length":1075.40000000000009094947017729282379150390625,
			"stroke_count":44}
	},
	"Kostya2":{
		"keyboard":{
			"speed":227,
			"length":109.56818181818181301423464901745319366455078125,
			"typo":0.06395348837209302583772796424455009400844573974609375
		},
		"scroll":{
			"speed":0.01853723095036609314067987952512339688837528228759765625,
			"slice_span":272.60533333333324890190851874649524688720703125,
			"slice_time":228.78571428571427759379730559885501861572265625,
			"slice_count":42
		},
		"mouse":{
			"speed":1.6009068897238212247913224928197450935840606689453125,
			"precision":1.502085752661741935298778116703033447265625,
			"span":754.3355766625271598968538455665111541748046875,
			"stroke_time":471.19266055045869734385632909834384918212890625,
			"press_length":1305.799999999999954525264911353588104248046875,
			"stroke_count":109
		}
	},
	"Тася":{
		"keyboard":{
			"speed":307,
			"length":62.5,
			"typo":0
		},
		"scroll":{
			"speed":0.01425831892370629620792055192168845678679645061492919921875,
			"slice_span":597.21566666666649325634352862834930419921875,
			"slice_time":315.90476190476192641654051840305328369140625,
			"slice_count":42
		},
		"mouse":{
			"speed":1.2739231500760135329386457669897936284542083740234375,
			"precision":1.62014106904283128329780083731748163700103759765625,
			"span":939.2784285618898820757749490439891815185546875,
			"stroke_time":737.3116883116882718240958638489246368408203125,
			"press_length":115.6956521739130465675771120004355907440185546875,
			"stroke_count":77
		}
	},
	"Пётр":{
		"keyboard":{
			"speed":203,
			"length":104.463157894736838215976604260504245758056640625,
			"typo":0.06666666666666666574148081281236954964697360992431640625
		},
		"scroll":{
			"speed":0.004003689661455026548020352805679067387245595455169677734375,
			"slice_span":227.610871794871769679957651533186435699462890625,
			"slice_time":274.6025641025640879888669587671756744384765625,
			"slice_count":78
		},
		"mouse":{
			"speed":0.2467875692885499183670816591984475962817668914794921875,
			"precision":1.41076854869755319299429174861870706081390380859375,
			"span":919.3023417717503207313711754977703094482421875,
			"stroke_time":3725.07555555555563842062838375568389892578125,
			"press_length":1449.4923076923078042455017566680908203125,
			"stroke_count":225
		}
	},
	"Эдик":{
		"keyboard":{
			"speed":455,
			"length":81.7959183673469425457369652576744556427001953125,
			"typo":0
		},
		"scroll":{
			"speed":0.02537624764460248705244538314218516461551189422607421875,
			"slice_span":182.301693832861843702630721963942050933837890625,
			"slice_time":-2.928571428571428381104624349973164498805999755859375,
			"slice_count":168
		},
		"mouse":{
			"speed":3.87683389485507223781723951105959713459014892578125,
			"precision":1.38266854787137649651640458614565432071685791015625,
			"span":773.598085166449209282291121780872344970703125,
			"stroke_time":199.543778801843330938936560414731502532958984375,
			"press_length":1317.0625,
			"stroke_count":217
		}
	},
	"Виктория":{
		"keyboard":{
			"speed":313,
			"length":94.9791666666666714036182384006679058074951171875,
			"typo":0.0233918128654970747248853513156063854694366455078125
		},
		"scroll":{
			"speed":0.0188228485089597837032204807883317698724567890167236328125,
			"slice_span":114.22265625,
			"slice_time":103.40625,
			"slice_count":32
		},
		"mouse":{
			"speed":-663.891149205275041822460480034351348876953125,
			"precision":1.1374912125975364940444478634162805974483489990234375,
			"span":706.028105078670478178537450730800628662109375,
			"stroke_time":-1.0634696755994357264540894902893342077732086181640625,
			"press_length":353.52631578947369916932075284421443939208984375,
			"stroke_count":709
		}
	},
	"Дмитрий":{
		"keyboard":{
			"speed":192,
			"length":111.900000000000005684341886080801486968994140625,
			"typo":0.0909090909090909116141432377844466827809810638427734375
		},
		"scroll":{
			"speed":0.013062319883732798064812641314347274601459503173828125,
			"slice_span":783.4922857142859129453427158296108245849609375,
			"slice_time":252.857142857142861203101347200572490692138671875,
			"slice_count":21
		},
		"mouse":{
			"speed":2.91444517190594343247767028515227138996124267578125,
			"precision":1.33875328324998132956125118653289973735809326171875,
			"span":1020.4407368878979696091846562922000885009765625,
			"stroke_time":350.13207547169810140985646285116672515869140625,
			"press_length":435.41176470588237634729011915624141693115234375,
			"stroke_count":106
		}
	},
	"cab":{
		"keyboard":{
			"speed":221,
			"length":394.125,
			"typo":0.1311475409836065642021907251546508632600307464599609375
		},
		"scroll":{
			"speed":0.00131842791837748153811749052266577564296312630176544189453125,
			"slice_span":693.493000000000392901711165904998779296875,
			"slice_time":243.857142857142861203101347200572490692138671875,
			"slice_count":28
		},
		"mouse":{
			"speed":2.880888953111501837867081121657975018024444580078125,
			"precision":1.36728995577612977285753004252910614013671875,
			"span":1012.159821174823036926682107150554656982421875,
			"stroke_time":351.3359375,
			"press_length":369.76190476190475919793243519961833953857421875,
			"stroke_count":128
		}
	}
}
